id;createdondate;amount;status;userid
1;2023-04-17T10:21:26;18398;Guernsey applications;17071
2;2023-04-16T23:58:39;53272;Polarised;9004
3;2023-04-17T15:17:37;1714;Practical;38801
4;2023-04-17T11:08:54;81027;Buckinghamshire lime Tools;44141
5;2023-04-17T11:25:06;46570;product Wooden matrix;94279
6;2023-04-17T05:40:31;606;PNG tan Incredible;67238
7;2023-04-17T15:56:03;15293;Wooden;30137
8;2023-04-17T10:09:51;50235;payment;71713
9;2023-04-17T17:02:48;50944;system engine Pre-emptive;12291
10;2023-04-17T01:11:10;78229;Multi-channelled bandwidth;5290
