id;createdondate;status;total;payment_method;userid
1;2023-04-17T14:16:05;Global Web;75775;Keyboard reciprocal bypassing;27821
2;2023-04-17T01:36:10;Mauritania Security;65879;payment;33868
3;2023-04-16T23:10:39;Lead scale Fresh;59130;extend solid state;70185
4;2023-04-17T10:36:26;Frozen Guadeloupe backing up;46337;Awesome Soft Bike redundant deposit;75627
5;2023-04-17T18:57:12;Regional matrix;36364;tan Cambridgeshire calculate;27230
6;2023-04-16T21:51:42;invoice;2887;copying bandwidth-monitored Cambridgeshire;12235
7;2023-04-17T11:24:01;Customer synthesizing;49363;front-end alarm;25958
8;2023-04-17T12:58:34;Towels transition Practical;23135;ability Developer hierarchy;95685
9;2023-04-17T15:04:10;Japan bypass Senegal;97297;SAS;90040
10;2023-04-17T18:20:03;productize User-centric navigating;85838;Avon Ethiopian Birr cultivate;77130
